vietic;Vietic;Vietic;Vietic;Vietic;Vietic;Vietic;Vietic;Vietic;Vietic;Vietic;Vietic;Vietic;Vietic;x
viet;Viet;Viet;Viet;Viet;Viet;Viet;Viet;Viet;Viet;Viet;Viet;Viet;Viet;x
emperor_viet;Hoang de;Hoang de;Hoang de;Hoang de;Hoang de;Hoang de;Hoang de;Hoang de;Hoang de;Hoang de;Hoang de;Hoang de;Hoang de;x
emperor_female_viet;Hoang hau;Hoang hau;Hoang hau;Hoang hau;Hoang hau;Hoang hau;Hoang hau;Hoang hau;Hoang hau;Hoang hau;Hoang hau;Hoang hau;Hoang hau;x
king_viet;Vuong;Vuong;Vuong;Vuong;Vuong;Vuong;Vuong;Vuong;Vuong;Vuong;Vuong;Vuong;Vuong;x
king_female_viet;Vuong;Vuong;Vuong;Vuong;Vuong;Vuong;Vuong;Vuong;Vuong;Vuong;Vuong;Vuong;Vuong;x
duke_viet;Quan Cong;Quan Cong;Quan Cong;Quan Cong;Quan Cong;Quan Cong;Quan Cong;Quan Cong;Quan Cong;Quan Cong;Quan Cong;Quan Cong;Quan Cong;x
duke_female_viet;Quan Cong;Quan Cong;Quan Cong;Quan Cong;Quan Cong;Quan Cong;Quan Cong;Quan Cong;Quan Cong;Quan Cong;Quan Cong;Quan Cong;Quan Cong;x
duchy_of_viet;Quan Cong of;Quan Cong of;Quan Cong of;Quan Cong of;Quan Cong of;Quan Cong of;Quan Cong of;Quan Cong of;Quan Cong of;Quan Cong of;Quan Cong of;Quan Cong of;Quan Cong of;x
count_viet;Ba;Ba;Ba;Ba;Ba;Ba;Ba;Ba;Ba;Ba;Ba;Ba;Ba;x
count_female_viet;Ba;Ba;Ba;Ba;Ba;Ba;Ba;Ba;Ba;Ba;Ba;Ba;Ba;x
county_of_viet;Ba of;Ba of;Ba of;Ba of;Ba of;Ba of;Ba of;Ba of;Ba of;Ba of;Ba of;Ba of;Ba of;x
baron_viet;Nam;Nam;Nam;Nam;Nam;Nam;Nam;Nam;Nam;Nam;Nam;Nam;Nam;x
baron_female_viet;Nam;Nam;Nam;Nam;Nam;Nam;Nam;Nam;Nam;Nam;Nam;Nam;Nam;x
barony_of_viet;Nam of;Nam of;Nam of;Nam of;Nam of;Nam of;Nam of;Nam of;Nam of;Nam of;Nam of;Nam of;Nam of;x
title_regent_viet;Regent;Regent;Regent;Regent;Regent;Regent;Regent;Regent;Regent;Regent;Regent;Regent;Regent;x
title_ruler_consort_viet;Vuong;Vuong;Vuong;Vuong;Vuong;Vuong;Vuong;Vuong;Vuong;Vuong;Vuong;Vuong;Vuong;x
title_ruler_consort_female_viet;Vuong;Vuong;Vuong;Vuong;Vuong;Vuong;Vuong;Vuong;Vuong;Vuong;Vuong;Vuong;Vuong;x
baron_title_ruler_consort_viet;Nam;Nam;Nam;Nam;Nam;Nam;Nam;Nam;Nam;Nam;Nam;Nam;Nam;x
baron_title_ruler_consort_female_viet;Nam;Nam;Nam;Nam;Nam;Nam;Nam;Nam;Nam;Nam;Nam;Nam;Nam;x
count_title_ruler_consort_viet;Ba;Ba;Ba;Ba;Ba;Ba;Ba;Ba;Ba;Ba;Ba;Ba;Ba;x
count_title_ruler_consort_female_viet;Ba;Ba;Ba;Ba;Ba;Ba;Ba;Ba;Ba;Ba;Ba;Ba;Ba;x
duke_title_ruler_consort_viet;Quan Cong;Quan Cong;Quan Cong;Quan Cong;Quan Cong;Quan Cong;Quan Cong;Quan Cong;Quan Cong;Quan Cong;Quan Cong;Quan Cong;Quan Cong;x
duke_title_ruler_consort_female_viet;Quan Cong;Quan Cong;Quan Cong;Quan Cong;Quan Cong;Quan Cong;Quan Cong;Quan Cong;Quan Cong;Quan Cong;Quan Cong;Quan Cong;Quan Cong;x
emperor_title_ruler_consort_viet;Hoang de;Hoang de;Hoang de;Hoang de;Hoang de;Hoang de;Hoang de;Hoang de;Hoang de;Hoang de;Hoang de;Hoang de;Hoang de;x
emperor_title_ruler_consort_female_viet;Hoang hau;Hoang hau;Hoang hau;Hoang hau;Hoang hau;Hoang hau;Hoang hau;Hoang hau;Hoang hau;Hoang hau;Hoang hau;Hoang hau;Hoang hau;x
title_queen_mother_viet;Thai Hau;Thai Hau;Thai Hau;;Thai Hau;;;;;Vuong me;Vuong me;Vuong me;Vuong me;x
emperor_title_queen_mother_female_viet;Hoang Thai Hau;Hoang Thai Hau;Hoang Thai Hau;;Hoang Thai Hau;;;Hoang hau me;Hoang hau me;Hoang hau me;Hoang hau me;Hoang hau me;Hoang hau me;x
title_prince_viet;Cong;Cong;Cong;Cong;Cong;Cong;Cong;Cong;Cong;Cong;Cong;Cong;Cong;x
title_prince_female_viet;Cong Chua;Cong Chua;Cong Chua;Cong Chua;Cong Chua;Cong Chua;Cong Chua;Cong Chua;Cong Chua;Cong Chua;Cong Chua;Cong Chua;Cong Chua;x
chamic;Chamic;Chamic;Chamic;Chamic;Chamic;Chamic;Chamic;Chamic;Chamic;Chamic;Chamic;Chamic;Chamic;x
cham;Cham;Cham;Cham;Cham;Cham;Cham;Cham;Cham;Cham;Cham;Cham;Cham;Cham;x
emperor_cham;Maharajadhiraja;Maharajadhiraja;Maharajadhiraja;Maharajadhiraja;Maharajadhiraja;Maharajadhiraja;Maharajadhiraja;Maharajadhiraja;Maharajadhiraja;Maharajadhiraja;Maharajadhiraja;Maharajadhiraja;Maharajadhiraja;x
emperor_female_cham;Maharanadhiraja;Maharanadhiraja;Maharanadhiraja;Maharanadhiraja;Maharanadhiraja;Maharanadhiraja;Maharanadhiraja;Maharanadhiraja;Maharanadhiraja;Maharanadhiraja;Maharanadhiraja;Maharanadhiraja;Maharanadhiraja;x
emperor_title_ruler_consort_cham;Maharajadhiraja;Maharajadhiraja;Maharajadhiraja;Maharajadhiraja;Maharajadhiraja;Maharajadhiraja;Maharajadhiraja;Maharajadhiraja;Maharajadhiraja;Maharajadhiraja;Maharajadhiraja;Maharajadhiraja;Maharajadhiraja;x
emperor_title_ruler_consort_female_cham;Maharanadhiraja;Maharanadhiraja;Maharanadhiraja;Maharanadhiraja;Maharanadhiraja;Maharanadhiraja;Maharanadhiraja;Maharanadhiraja;Maharanadhiraja;Maharanadhiraja;Maharanadhiraja;Maharanadhiraja;Maharanadhiraja;x
emperor_title_queen_mother_female_cham;Maharajamata;Maharajamata;Maharajamata;Maharajamata;Maharajamata;Maharajamata;Maharajamata;Maharajamata;Maharajamata;Maharajamata;Maharajamata;Maharajamata;Maharajamata;x
empire_of_cham;Rajya of;Rajya of;Rajya of;Rajya of;Rajya of;Rajya of;Rajya of;Rajya of;Rajya of;Rajya of;Rajya of;Rajya of;Rajya of;x
empire_cham;Rajya;Rajya;Rajya;Rajya;Rajya;Rajya;Rajya;Rajya;Rajya;Rajya;Rajya;Rajya;Rajya;x
city_emperor_cham;Parthiva;Parthiva;Parthiva;Parthiva;Parthiva;Parthiva;Parthiva;Parthiva;Parthiva;Parthiva;Parthiva;Parthiva;Parthiva;x
city_emperor_female_cham;Parthivi;Parthivi;Parthivi;Parthivi;Parthivi;Parthivi;Parthivi;Parthivi;Parthivi;Parthivi;Parthivi;Parthivi;Parthivi;x
city_emperor_title_ruler_consort_cham;Parthiva;Parthiva;Parthiva;Parthiva;Parthiva;Parthiva;Parthiva;Parthiva;Parthiva;Parthiva;Parthiva;Parthiva;Parthiva;x
city_emperor_title_ruler_consort_female_cham;Parthivi;Parthivi;Parthivi;Parthivi;Parthivi;Parthivi;Parthivi;Parthivi;Parthivi;Parthivi;Parthivi;Parthivi;Parthivi;x
city_emperor_title_queen_mother_female_cham;Parthivamata;Parthivamata;Parthivamata;Parthivamata;Parthivamata;Parthivamata;Parthivamata;Parthivamata;Parthivamata;Parthivamata;Parthivamata;Parthivamata;Parthivamata;x
city_empire_of_cham;Desha of;Desha of;Desha of;Desha of;Desha of;Desha of;Desha of;Desha of;Desha of;Desha of;Desha of;Desha of;Desha of;x
city_empire_cham;Desha;Desha;Desha;Desha;Desha;Desha;Desha;Desha;Desha;Desha;Desha;Desha;Desha;x
king_cham;Maharaja;Maharaja;Maharaja;Maharaja;Maharaja;Maharaja;Maharaja;Maharaja;Maharaja;Maharaja;Maharaja;Maharaja;Maharaja;x
king_female_cham;Maharani;Maharani;Maharani;Maharani;Maharani;Maharani;Maharani;Maharani;Maharani;Maharani;Maharani;Maharani;Maharani;x
title_ruler_consort_cham;Maharaja;Maharaja;Maharaja;Maharaja;Maharaja;Maharaja;Maharaja;Maharaja;Maharaja;Maharaja;Maharaja;Maharaja;Maharaja;x
title_ruler_consort_female_cham;Maharani;Maharani;Maharani;Maharani;Maharani;Maharani;Maharani;Maharani;Maharani;Maharani;Maharani;Maharani;Maharani;x
title_queen_mother_cham;Maharajamata;Maharajamata;Maharajamata;Maharajamata;Maharajamata;Maharajamata;Maharajamata;Maharajamata;Maharajamata;Maharajamata;Maharajamata;Maharajamata;Maharajamata;x
kingdom_of_cham;Rashtra of;Rashtra of;Rashtra of;Rashtra of;Rashtra of;Rashtra of;Rashtra of;Rashtra of;Rashtra of;Rashtra of;Rashtra of;Rashtra of;Rashtra of;x
kingdom_cham;Rashtra;Rashtra;Rashtra;Rashtra;Rashtra;Rashtra;Rashtra;Rashtra;Rashtra;Rashtra;Rashtra;Rashtra;Rashtra;x
city_king_cham;Uparika;Uparika;Uparika;Uparika;Uparika;Uparika;Uparika;Uparika;Uparika;Uparika;Uparika;Uparika;Uparika;x
city_king_female_cham;Uparikini;Uparikini;Uparikini;Uparikini;Uparikini;Uparikini;Uparikini;Uparikini;Uparikini;Uparikini;Uparikini;Uparikini;Uparikini;x
city_title_ruler_consort_cham;Uparika;Uparika;Uparika;Uparika;Uparika;Uparika;Uparika;Uparika;Uparika;Uparika;Uparika;Uparika;Uparika;x
city_title_ruler_consort_female_cham;Uparikini;Uparikini;Uparikini;Uparikini;Uparikini;Uparikini;Uparikini;Uparikini;Uparikini;Uparikini;Uparikini;Uparikini;Uparikini;x
city_title_queen_mother_cham;Uparikamata;Uparikamata;Uparikamata;Uparikamata;Uparikamata;Uparikamata;Uparikamata;Uparikamata;Uparikamata;Uparikamata;Uparikamata;Uparikamata;Uparikamata;x
city_kingdom_of_cham;Bhukti of;Bhukti of;Bhukti of;Bhukti of;Bhukti of;Bhukti of;Bhukti of;Bhukti of;Bhukti of;Bhukti of;Bhukti of;Bhukti of;Bhukti of;x
city_kingdom_cham;Bhukti;Bhukti;Bhukti;Bhukti;Bhukti;Bhukti;Bhukti;Bhukti;Bhukti;Bhukti;Bhukti;Bhukti;Bhukti;x
duke_cham;Raja;Raja;Raja;Raja;Raja;Raja;Raja;Raja;Raja;Raja;Raja;Raja;Raja;x
duke_female_cham;Rani;Rani;Rani;Rani;Rani;Rani;Rani;Rani;Rani;Rani;Rani;Rani;Rani;x
duke_title_ruler_consort_cham;Raja;Raja;Raja;Raja;Raja;Raja;Raja;Raja;Raja;Raja;Raja;Raja;Raja;x
duke_title_ruler_consort_female_cham;Rani;Rani;Rani;Rani;Rani;Rani;Rani;Rani;Rani;Rani;Rani;Rani;Rani;x
duchy_of_cham;Kshetra of;Kshetra of;Kshetra of;Kshetra of;Kshetra of;Kshetra of;Kshetra of;Kshetra of;Kshetra of;Kshetra of;Kshetra of;Kshetra of;Kshetra of;x
duchy_cham;Kshetra;Kshetra;Kshetra;Kshetra;Kshetra;Kshetra;Kshetra;Kshetra;Kshetra;Kshetra;Kshetra;Kshetra;Kshetra;x
city_duke_cham;Vishayapati;Vishayapati;Vishayapati;Vishayapati;Vishayapati;Vishayapati;Vishayapati;Vishayapati;Vishayapati;Vishayapati;Vishayapati;Vishayapati;Vishayapati;x
city_duke_female_cham;Vishayapatni;Vishayapatni;Vishayapatni;Vishayapatni;Vishayapatni;Vishayapatni;Vishayapatni;Vishayapatni;Vishayapatni;Vishayapatni;Vishayapatni;Vishayapatni;Vishayapatni;x
city_duke_title_ruler_consort_cham;Vishayapati;Vishayapati;Vishayapati;Vishayapati;Vishayapati;Vishayapati;Vishayapati;Vishayapati;Vishayapati;Vishayapati;Vishayapati;Vishayapati;Vishayapati;x
city_duke_title_ruler_consort_female_cham;Vishayapatni;Vishayapatni;Vishayapatni;Vishayapatni;Vishayapatni;Vishayapatni;Vishayapatni;Vishayapatni;Vishayapatni;Vishayapatni;Vishayapatni;Vishayapatni;Vishayapatni;x
city_duchy_of_cham;Vishaya of;Vishaya of;Vishaya of;Vishaya of;Vishaya of;Vishaya of;Vishaya of;Vishaya of;Vishaya of;Vishaya of;Vishaya of;Vishaya of;Vishaya of;x
city_duchy_cham;Vishaya;Vishaya;Vishaya;Vishaya;Vishaya;Vishaya;Vishaya;Vishaya;Vishaya;Vishaya;Vishaya;Vishaya;Vishaya;x
count_cham;Thakur;Thakur;Thakur;Thakur;Thakur;Thakur;Thakur;Thakur;Thakur;Thakur;Thakur;Thakur;Thakur;x
count_female_cham;Thakurani;Thakurani;Thakurani;Thakurani;Thakurani;Thakurani;Thakurani;Thakurani;Thakurani;Thakurani;Thakurani;Thakurani;Thakurani;x
count_title_ruler_consort_cham;Thakur;Thakur;Thakur;Thakur;Thakur;Thakur;Thakur;Thakur;Thakur;Thakur;Thakur;Thakur;Thakur;x
count_title_ruler_consort_female_cham;Thakurani;Thakurani;Thakurani;Thakurani;Thakurani;Thakurani;Thakurani;Thakurani;Thakurani;Thakurani;Thakurani;Thakurani;Thakurani;x
county_of_cham;Thikana of;Thikana of;Thikana of;Thikana of;Thikana of;Thikana of;Thikana of;Thikana of;Thikana of;Thikana of;Thikana of;Thikana of;Thikana of;x
county_cham;Thikana;Thikana;Thikana;Thikana;Thikana;Thikana;Thikana;Thikana;Thikana;Thikana;Thikana;Thikana;Thikana;x
city_count_cham;Ayuktaka;Ayuktaka;Ayuktaka;Ayuktaka;Ayuktaka;Ayuktaka;Ayuktaka;Ayuktaka;Ayuktaka;Ayuktaka;Ayuktaka;Ayuktaka;Ayuktaka;x
city_count_female_cham;Ayuktakini;Ayuktakini;Ayuktakini;Ayuktakini;Ayuktakini;Ayuktakini;Ayuktakini;Ayuktakini;Ayuktakini;Ayuktakini;Ayuktakini;Ayuktakini;Ayuktakini;x
city_count_title_ruler_consort_cham;Ayuktaka;Ayuktaka;Ayuktaka;Ayuktaka;Ayuktaka;Ayuktaka;Ayuktaka;Ayuktaka;Ayuktaka;Ayuktaka;Ayuktaka;Ayuktaka;Ayuktaka;x
city_count_title_ruler_consort_female_cham;Ayuktakini;Ayuktakini;Ayuktakini;Ayuktakini;Ayuktakini;Ayuktakini;Ayuktakini;Ayuktakini;Ayuktakini;Ayuktakini;Ayuktakini;Ayuktakini;Ayuktakini;x
city_county_of_cham;Vithi of;Vithi of;Vithi of;Vithi of;Vithi of;Vithi of;Vithi of;Vithi of;Vithi of;Vithi of;Vithi of;Vithi of;Vithi of;x
city_county_cham;Vithi;Vithi;Vithi;Vithi;Vithi;Vithi;Vithi;Vithi;Vithi;Vithi;Vithi;Vithi;Vithi;x
baron_cham;Nayaka;Nayaka;Nayaka;Nayaka;Nayaka;Nayaka;Nayaka;Nayaka;Nayaka;Nayaka;Nayaka;Nayaka;Nayaka;x
baron_female_cham;Nayakini;Nayakini;Nayakini;Nayakini;Nayakini;Nayakini;Nayakini;Nayakini;Nayakini;Nayakini;Nayakini;Nayakini;Nayakini;x
baron_title_ruler_consort_cham;Nayaka;Nayaka;Nayaka;Nayaka;Nayaka;Nayaka;Nayaka;Nayaka;Nayaka;Nayaka;Nayaka;Nayaka;Nayaka;x
baron_title_ruler_consort_female_cham;Nayakini;Nayakini;Nayakini;Nayakini;Nayakini;Nayakini;Nayakini;Nayakini;Nayakini;Nayakini;Nayakini;Nayakini;Nayakini;x
barony_of_cham;Pattaka of;Pattaka of;Pattaka of;Pattaka of;Pattaka of;Pattaka of;Pattaka of;Pattaka of;Pattaka of;Pattaka of;Pattaka of;Pattaka of;Pattaka of;x
barony_cham;Pattaka;Pattaka;Pattaka;Pattaka;Pattaka;Pattaka;Pattaka;Pattaka;Pattaka;Pattaka;Pattaka;Pattaka;Pattaka;x
city_baron_cham;Puramukhya;Puramukhya;Puramukhya;Puramukhya;Puramukhya;Puramukhya;Puramukhya;Puramukhya;Puramukhya;Puramukhya;Puramukhya;Puramukhya;Puramukhya;x
city_baron_female_cham;Puramukhyini;Puramukhyini;Puramukhyini;Puramukhyini;Puramukhyini;Puramukhyini;Puramukhyini;Puramukhyini;Puramukhyini;Puramukhyini;Puramukhyini;Puramukhyini;Puramukhyini;x
city_baron_title_ruler_consort_cham;Puramukhya;Puramukhya;Puramukhya;Puramukhya;Puramukhya;Puramukhya;Puramukhya;Puramukhya;Puramukhya;Puramukhya;Puramukhya;Puramukhya;Puramukhya;x
city_baron_title_ruler_consort_female_cham;Puramukhyini;Puramukhyini;Puramukhyini;Puramukhyini;Puramukhyini;Puramukhyini;Puramukhyini;Puramukhyini;Puramukhyini;Puramukhyini;Puramukhyini;Puramukhyini;Puramukhyini;x
city_barony_of_cham;Pura of;Pura of;Pura of;Pura of;Pura of;Pura of;Pura of;Pura of;Pura of;Pura of;Pura of;Pura of;Pura of;x
city_barony_cham;Pura;Pura;Pura;Pura;Pura;Pura;Pura;Pura;Pura;Pura;Pura;Pura;Pura;x
title_regent_cham;Rajasthaniya;Rajasthaniya;Rajasthaniya;Rajasthaniya;Rajasthaniya;Rajasthaniya;Rajasthaniya;Rajasthaniya;Rajasthaniya;Rajasthaniya;Rajasthaniya;Rajasthaniya;Rajasthaniya;x
title_prince_cham;Rajkumara;Rajkumara;Rajkumara;Rajkumara;Rajkumara;Rajkumara;Rajkumara;Rajkumara;Rajkumara;Rajkumara;Rajkumara;Rajkumara;Rajkumara;x
title_prince_female_cham;Rajkumari;Rajkumari;Rajkumari;Rajkumari;Rajkumari;Rajkumari;Rajkumari;Rajkumari;Rajkumari;Rajkumari;Rajkumari;Rajkumari;Rajkumari;x
job_chancellor_cham;Videshadhikari;Videshadhikari;Videshadhikari;Videshadhikari;Videshadhikari;Videshadhikari;Videshadhikari;Videshadhikari;Videshadhikari;Videshadhikari;Videshadhikari;Videshadhikari;Videshadhikari;x
job_marshal_cham;Senadhipati;Senadhipati;Senadhipati;Senadhipati;Senadhipati;Senadhipati;Senadhipati;Senadhipati;Senadhipati;Senadhipati;Senadhipati;Senadhipati;Senadhipati;x
job_treasurer_cham;Karanadhikari;Karanadhikari;Karanadhikari;Karanadhikari;Karanadhikari;Karanadhikari;Karanadhikari;Karanadhikari;Karanadhikari;Karanadhikari;Karanadhikari;Karanadhikari;Karanadhikari;x
job_spymaster_cham;Antaradhikari;Antaradhikari;Antaradhikari;Antaradhikari;Antaradhikari;Antaradhikari;Antaradhikari;Antaradhikari;Antaradhikari;Antaradhikari;Antaradhikari;Antaradhikari;Antaradhikari;x
job_spiritual_cham;Purohita;Purohita;Purohita;Purohita;Purohita;Purohita;Purohita;Purohita;Purohita;Purohita;Purohita;Purohita;Purohita;x
mon_khmer;Mon-Khmer;Mon-Khmer;Mon-Khmer;Mon-Khmer;Mon-Khmer;Mon-Khmer;Mon-Khmer;Mon-Khmer;Mon-Khmer;Mon-Khmer;Mon-Khmer;Mon-Khmer;Mon-Khmer;x
khmer;Khmer;Khmer;Khmer;Khmer;Khmer;Khmer;Khmer;Khmer;Khmer;Khmer;Khmer;Khmer;Khmer;x
emperor_khmer;Maharajadhiraja;Maharajadhiraja;Maharajadhiraja;Maharajadhiraja;Maharajadhiraja;Maharajadhiraja;Maharajadhiraja;Maharajadhiraja;Maharajadhiraja;Maharajadhiraja;Maharajadhiraja;Maharajadhiraja;Maharajadhiraja;x
emperor_female_khmer;Maharanadhiraja;Maharanadhiraja;Maharanadhiraja;Maharanadhiraja;Maharanadhiraja;Maharanadhiraja;Maharanadhiraja;Maharanadhiraja;Maharanadhiraja;Maharanadhiraja;Maharanadhiraja;Maharanadhiraja;Maharanadhiraja;x
emperor_title_ruler_consort_khmer;Maharajadhiraja;Maharajadhiraja;Maharajadhiraja;Maharajadhiraja;Maharajadhiraja;Maharajadhiraja;Maharajadhiraja;Maharajadhiraja;Maharajadhiraja;Maharajadhiraja;Maharajadhiraja;Maharajadhiraja;Maharajadhiraja;x
emperor_title_ruler_consort_female_khmer;Maharanadhiraja;Maharanadhiraja;Maharanadhiraja;Maharanadhiraja;Maharanadhiraja;Maharanadhiraja;Maharanadhiraja;Maharanadhiraja;Maharanadhiraja;Maharanadhiraja;Maharanadhiraja;Maharanadhiraja;Maharanadhiraja;x
emperor_title_queen_mother_female_khmer;Maharajamata;Maharajamata;Maharajamata;Maharajamata;Maharajamata;Maharajamata;Maharajamata;Maharajamata;Maharajamata;Maharajamata;Maharajamata;Maharajamata;Maharajamata;x
empire_of_khmer;Rajya of;Rajya of;Rajya of;Rajya of;Rajya of;Rajya of;Rajya of;Rajya of;Rajya of;Rajya of;Rajya of;Rajya of;Rajya of;x
empire_khmer;Rajya;Rajya;Rajya;Rajya;Rajya;Rajya;Rajya;Rajya;Rajya;Rajya;Rajya;Rajya;Rajya;x
city_emperor_khmer;Parthiva;Parthiva;Parthiva;Parthiva;Parthiva;Parthiva;Parthiva;Parthiva;Parthiva;Parthiva;Parthiva;Parthiva;Parthiva;x
city_emperor_female_khmer;Parthivi;Parthivi;Parthivi;Parthivi;Parthivi;Parthivi;Parthivi;Parthivi;Parthivi;Parthivi;Parthivi;Parthivi;Parthivi;x
city_emperor_title_ruler_consort_khmer;Parthiva;Parthiva;Parthiva;Parthiva;Parthiva;Parthiva;Parthiva;Parthiva;Parthiva;Parthiva;Parthiva;Parthiva;Parthiva;x
city_emperor_title_ruler_consort_female_khmer;Parthivi;Parthivi;Parthivi;Parthivi;Parthivi;Parthivi;Parthivi;Parthivi;Parthivi;Parthivi;Parthivi;Parthivi;Parthivi;x
city_emperor_title_queen_mother_female_khmer;Parthivamata;Parthivamata;Parthivamata;Parthivamata;Parthivamata;Parthivamata;Parthivamata;Parthivamata;Parthivamata;Parthivamata;Parthivamata;Parthivamata;Parthivamata;x
city_empire_of_khmer;Desha of;Desha of;Desha of;Desha of;Desha of;Desha of;Desha of;Desha of;Desha of;Desha of;Desha of;Desha of;Desha of;x
city_empire_khmer;Desha;Desha;Desha;Desha;Desha;Desha;Desha;Desha;Desha;Desha;Desha;Desha;Desha;x
king_khmer;Maharaja;Maharaja;Maharaja;Maharaja;Maharaja;Maharaja;Maharaja;Maharaja;Maharaja;Maharaja;Maharaja;Maharaja;Maharaja;x
king_female_khmer;Maharani;Maharani;Maharani;Maharani;Maharani;Maharani;Maharani;Maharani;Maharani;Maharani;Maharani;Maharani;Maharani;x
title_ruler_consort_khmer;Maharaja;Maharaja;Maharaja;Maharaja;Maharaja;Maharaja;Maharaja;Maharaja;Maharaja;Maharaja;Maharaja;Maharaja;Maharaja;x
title_ruler_consort_female_khmer;Maharani;Maharani;Maharani;Maharani;Maharani;Maharani;Maharani;Maharani;Maharani;Maharani;Maharani;Maharani;Maharani;x
title_queen_mother_khmer;Maharajamata;Maharajamata;Maharajamata;Maharajamata;Maharajamata;Maharajamata;Maharajamata;Maharajamata;Maharajamata;Maharajamata;Maharajamata;Maharajamata;Maharajamata;x
kingdom_of_khmer;Rashtra of;Rashtra of;Rashtra of;Rashtra of;Rashtra of;Rashtra of;Rashtra of;Rashtra of;Rashtra of;Rashtra of;Rashtra of;Rashtra of;Rashtra of;x
kingdom_khmer;Rashtra;Rashtra;Rashtra;Rashtra;Rashtra;Rashtra;Rashtra;Rashtra;Rashtra;Rashtra;Rashtra;Rashtra;Rashtra;x
city_king_khmer;Uparika;Uparika;Uparika;Uparika;Uparika;Uparika;Uparika;Uparika;Uparika;Uparika;Uparika;Uparika;Uparika;x
city_king_female_khmer;Uparikini;Uparikini;Uparikini;Uparikini;Uparikini;Uparikini;Uparikini;Uparikini;Uparikini;Uparikini;Uparikini;Uparikini;Uparikini;x
city_title_ruler_consort_khmer;Uparika;Uparika;Uparika;Uparika;Uparika;Uparika;Uparika;Uparika;Uparika;Uparika;Uparika;Uparika;Uparika;x
city_title_ruler_consort_female_khmer;Uparikini;Uparikini;Uparikini;Uparikini;Uparikini;Uparikini;Uparikini;Uparikini;Uparikini;Uparikini;Uparikini;Uparikini;Uparikini;x
city_title_queen_mother_khmer;Uparikamata;Uparikamata;Uparikamata;Uparikamata;Uparikamata;Uparikamata;Uparikamata;Uparikamata;Uparikamata;Uparikamata;Uparikamata;Uparikamata;Uparikamata;x
city_kingdom_of_khmer;Bhukti of;Bhukti of;Bhukti of;Bhukti of;Bhukti of;Bhukti of;Bhukti of;Bhukti of;Bhukti of;Bhukti of;Bhukti of;Bhukti of;Bhukti of;x
city_kingdom_khmer;Bhukti;Bhukti;Bhukti;Bhukti;Bhukti;Bhukti;Bhukti;Bhukti;Bhukti;Bhukti;Bhukti;Bhukti;Bhukti;x
duke_khmer;Raja;Raja;Raja;Raja;Raja;Raja;Raja;Raja;Raja;Raja;Raja;Raja;Raja;x
duke_female_khmer;Rani;Rani;Rani;Rani;Rani;Rani;Rani;Rani;Rani;Rani;Rani;Rani;Rani;x
duke_title_ruler_consort_khmer;Raja;Raja;Raja;Raja;Raja;Raja;Raja;Raja;Raja;Raja;Raja;Raja;Raja;x
duke_title_ruler_consort_female_khmer;Rani;Rani;Rani;Rani;Rani;Rani;Rani;Rani;Rani;Rani;Rani;Rani;Rani;x
duchy_of_khmer;Kshetra of;Kshetra of;Kshetra of;Kshetra of;Kshetra of;Kshetra of;Kshetra of;Kshetra of;Kshetra of;Kshetra of;Kshetra of;Kshetra of;Kshetra of;x
duchy_khmer;Kshetra;Kshetra;Kshetra;Kshetra;Kshetra;Kshetra;Kshetra;Kshetra;Kshetra;Kshetra;Kshetra;Kshetra;Kshetra;x
city_duke_khmer;Vishayapati;Vishayapati;Vishayapati;Vishayapati;Vishayapati;Vishayapati;Vishayapati;Vishayapati;Vishayapati;Vishayapati;Vishayapati;Vishayapati;Vishayapati;x
city_duke_female_khmer;Vishayapatni;Vishayapatni;Vishayapatni;Vishayapatni;Vishayapatni;Vishayapatni;Vishayapatni;Vishayapatni;Vishayapatni;Vishayapatni;Vishayapatni;Vishayapatni;Vishayapatni;x
city_duke_title_ruler_consort_khmer;Vishayapati;Vishayapati;Vishayapati;Vishayapati;Vishayapati;Vishayapati;Vishayapati;Vishayapati;Vishayapati;Vishayapati;Vishayapati;Vishayapati;Vishayapati;x
city_duke_title_ruler_consort_female_khmer;Vishayapatni;Vishayapatni;Vishayapatni;Vishayapatni;Vishayapatni;Vishayapatni;Vishayapatni;Vishayapatni;Vishayapatni;Vishayapatni;Vishayapatni;Vishayapatni;Vishayapatni;x
city_duchy_of_khmer;Vishaya of;Vishaya of;Vishaya of;Vishaya of;Vishaya of;Vishaya of;Vishaya of;Vishaya of;Vishaya of;Vishaya of;Vishaya of;Vishaya of;Vishaya of;x
city_duchy_khmer;Vishaya;Vishaya;Vishaya;Vishaya;Vishaya;Vishaya;Vishaya;Vishaya;Vishaya;Vishaya;Vishaya;Vishaya;Vishaya;x
count_khmer;Thakur;Thakur;Thakur;Thakur;Thakur;Thakur;Thakur;Thakur;Thakur;Thakur;Thakur;Thakur;Thakur;x
count_female_khmer;Thakurani;Thakurani;Thakurani;Thakurani;Thakurani;Thakurani;Thakurani;Thakurani;Thakurani;Thakurani;Thakurani;Thakurani;Thakurani;x
count_title_ruler_consort_khmer;Thakur;Thakur;Thakur;Thakur;Thakur;Thakur;Thakur;Thakur;Thakur;Thakur;Thakur;Thakur;Thakur;x
count_title_ruler_consort_female_khmer;Thakurani;Thakurani;Thakurani;Thakurani;Thakurani;Thakurani;Thakurani;Thakurani;Thakurani;Thakurani;Thakurani;Thakurani;Thakurani;x
county_of_khmer;Thikana of;Thikana of;Thikana of;Thikana of;Thikana of;Thikana of;Thikana of;Thikana of;Thikana of;Thikana of;Thikana of;Thikana of;Thikana of;x
county_khmer;Thikana;Thikana;Thikana;Thikana;Thikana;Thikana;Thikana;Thikana;Thikana;Thikana;Thikana;Thikana;Thikana;x
city_count_khmer;Ayuktaka;Ayuktaka;Ayuktaka;Ayuktaka;Ayuktaka;Ayuktaka;Ayuktaka;Ayuktaka;Ayuktaka;Ayuktaka;Ayuktaka;Ayuktaka;Ayuktaka;x
city_count_female_khmer;Ayuktakini;Ayuktakini;Ayuktakini;Ayuktakini;Ayuktakini;Ayuktakini;Ayuktakini;Ayuktakini;Ayuktakini;Ayuktakini;Ayuktakini;Ayuktakini;Ayuktakini;x
city_count_title_ruler_consort_khmer;Ayuktaka;Ayuktaka;Ayuktaka;Ayuktaka;Ayuktaka;Ayuktaka;Ayuktaka;Ayuktaka;Ayuktaka;Ayuktaka;Ayuktaka;Ayuktaka;Ayuktaka;x
city_count_title_ruler_consort_female_khmer;Ayuktakini;Ayuktakini;Ayuktakini;Ayuktakini;Ayuktakini;Ayuktakini;Ayuktakini;Ayuktakini;Ayuktakini;Ayuktakini;Ayuktakini;Ayuktakini;Ayuktakini;x
city_county_of_khmer;Vithi of;Vithi of;Vithi of;Vithi of;Vithi of;Vithi of;Vithi of;Vithi of;Vithi of;Vithi of;Vithi of;Vithi of;Vithi of;x
city_county_khmer;Vithi;Vithi;Vithi;Vithi;Vithi;Vithi;Vithi;Vithi;Vithi;Vithi;Vithi;Vithi;Vithi;x
baron_khmer;Nayaka;Nayaka;Nayaka;Nayaka;Nayaka;Nayaka;Nayaka;Nayaka;Nayaka;Nayaka;Nayaka;Nayaka;Nayaka;x
baron_female_khmer;Nayakini;Nayakini;Nayakini;Nayakini;Nayakini;Nayakini;Nayakini;Nayakini;Nayakini;Nayakini;Nayakini;Nayakini;Nayakini;x
baron_title_ruler_consort_khmer;Nayaka;Nayaka;Nayaka;Nayaka;Nayaka;Nayaka;Nayaka;Nayaka;Nayaka;Nayaka;Nayaka;Nayaka;Nayaka;x
baron_title_ruler_consort_female_khmer;Nayakini;Nayakini;Nayakini;Nayakini;Nayakini;Nayakini;Nayakini;Nayakini;Nayakini;Nayakini;Nayakini;Nayakini;Nayakini;x
barony_of_khmer;Pattaka of;Pattaka of;Pattaka of;Pattaka of;Pattaka of;Pattaka of;Pattaka of;Pattaka of;Pattaka of;Pattaka of;Pattaka of;Pattaka of;Pattaka of;x
barony_khmer;Pattaka;Pattaka;Pattaka;Pattaka;Pattaka;Pattaka;Pattaka;Pattaka;Pattaka;Pattaka;Pattaka;Pattaka;Pattaka;x
city_baron_khmer;Puramukhya;Puramukhya;Puramukhya;Puramukhya;Puramukhya;Puramukhya;Puramukhya;Puramukhya;Puramukhya;Puramukhya;Puramukhya;Puramukhya;Puramukhya;x
city_baron_female_khmer;Puramukhyini;Puramukhyini;Puramukhyini;Puramukhyini;Puramukhyini;Puramukhyini;Puramukhyini;Puramukhyini;Puramukhyini;Puramukhyini;Puramukhyini;Puramukhyini;Puramukhyini;x
city_baron_title_ruler_consort_khmer;Puramukhya;Puramukhya;Puramukhya;Puramukhya;Puramukhya;Puramukhya;Puramukhya;Puramukhya;Puramukhya;Puramukhya;Puramukhya;Puramukhya;Puramukhya;x
city_baron_title_ruler_consort_female_khmer;Puramukhyini;Puramukhyini;Puramukhyini;Puramukhyini;Puramukhyini;Puramukhyini;Puramukhyini;Puramukhyini;Puramukhyini;Puramukhyini;Puramukhyini;Puramukhyini;Puramukhyini;x
city_barony_of_khmer;Pura of;Pura of;Pura of;Pura of;Pura of;Pura of;Pura of;Pura of;Pura of;Pura of;Pura of;Pura of;Pura of;x
city_barony_khmer;Pura;Pura;Pura;Pura;Pura;Pura;Pura;Pura;Pura;Pura;Pura;Pura;Pura;x
title_regent_khmer;Rajasthaniya;Rajasthaniya;Rajasthaniya;Rajasthaniya;Rajasthaniya;Rajasthaniya;Rajasthaniya;Rajasthaniya;Rajasthaniya;Rajasthaniya;Rajasthaniya;Rajasthaniya;Rajasthaniya;x
title_prince_khmer;Rajkumara;Rajkumara;Rajkumara;Rajkumara;Rajkumara;Rajkumara;Rajkumara;Rajkumara;Rajkumara;Rajkumara;Rajkumara;Rajkumara;Rajkumara;x
title_prince_female_khmer;Rajkumari;Rajkumari;Rajkumari;Rajkumari;Rajkumari;Rajkumari;Rajkumari;Rajkumari;Rajkumari;Rajkumari;Rajkumari;Rajkumari;Rajkumari;x
job_chancellor_khmer;Videshadhikari;Videshadhikari;Videshadhikari;Videshadhikari;Videshadhikari;Videshadhikari;Videshadhikari;Videshadhikari;Videshadhikari;Videshadhikari;Videshadhikari;Videshadhikari;Videshadhikari;x
job_marshal_khmer;Senadhipati;Senadhipati;Senadhipati;Senadhipati;Senadhipati;Senadhipati;Senadhipati;Senadhipati;Senadhipati;Senadhipati;Senadhipati;Senadhipati;Senadhipati;x
job_treasurer_khmer;Karanadhikari;Karanadhikari;Karanadhikari;Karanadhikari;Karanadhikari;Karanadhikari;Karanadhikari;Karanadhikari;Karanadhikari;Karanadhikari;Karanadhikari;Karanadhikari;Karanadhikari;x
job_spymaster_khmer;Antaradhikari;Antaradhikari;Antaradhikari;Antaradhikari;Antaradhikari;Antaradhikari;Antaradhikari;Antaradhikari;Antaradhikari;Antaradhikari;Antaradhikari;Antaradhikari;Antaradhikari;x
job_spiritual_khmer;Purohita;Purohita;Purohita;Purohita;Purohita;Purohita;Purohita;Purohita;Purohita;Purohita;Purohita;Purohita;Purohita;x
emperor_mon;Maharajadhiraja;Maharajadhiraja;Maharajadhiraja;Maharajadhiraja;Maharajadhiraja;Maharajadhiraja;Maharajadhiraja;Maharajadhiraja;Maharajadhiraja;Maharajadhiraja;Maharajadhiraja;Maharajadhiraja;Maharajadhiraja;x
emperor_female_mon;Maharanadhiraja;Maharanadhiraja;Maharanadhiraja;Maharanadhiraja;Maharanadhiraja;Maharanadhiraja;Maharanadhiraja;Maharanadhiraja;Maharanadhiraja;Maharanadhiraja;Maharanadhiraja;Maharanadhiraja;Maharanadhiraja;x
emperor_title_ruler_consort_mon;Maharajadhiraja;Maharajadhiraja;Maharajadhiraja;Maharajadhiraja;Maharajadhiraja;Maharajadhiraja;Maharajadhiraja;Maharajadhiraja;Maharajadhiraja;Maharajadhiraja;Maharajadhiraja;Maharajadhiraja;Maharajadhiraja;x
emperor_title_ruler_consort_female_mon;Maharanadhiraja;Maharanadhiraja;Maharanadhiraja;Maharanadhiraja;Maharanadhiraja;Maharanadhiraja;Maharanadhiraja;Maharanadhiraja;Maharanadhiraja;Maharanadhiraja;Maharanadhiraja;Maharanadhiraja;Maharanadhiraja;x
emperor_title_queen_mother_female_mon;Maharajamata;Maharajamata;Maharajamata;Maharajamata;Maharajamata;Maharajamata;Maharajamata;Maharajamata;Maharajamata;Maharajamata;Maharajamata;Maharajamata;Maharajamata;x
empire_of_mon;Rajya of;Rajya of;Rajya of;Rajya of;Rajya of;Rajya of;Rajya of;Rajya of;Rajya of;Rajya of;Rajya of;Rajya of;Rajya of;x
empire_mon;Rajya;Rajya;Rajya;Rajya;Rajya;Rajya;Rajya;Rajya;Rajya;Rajya;Rajya;Rajya;Rajya;x
city_emperor_mon;Parthiva;Parthiva;Parthiva;Parthiva;Parthiva;Parthiva;Parthiva;Parthiva;Parthiva;Parthiva;Parthiva;Parthiva;Parthiva;x
city_emperor_female_mon;Parthivi;Parthivi;Parthivi;Parthivi;Parthivi;Parthivi;Parthivi;Parthivi;Parthivi;Parthivi;Parthivi;Parthivi;Parthivi;x
city_emperor_title_ruler_consort_mon;Parthiva;Parthiva;Parthiva;Parthiva;Parthiva;Parthiva;Parthiva;Parthiva;Parthiva;Parthiva;Parthiva;Parthiva;Parthiva;x
city_emperor_title_ruler_consort_female_mon;Parthivi;Parthivi;Parthivi;Parthivi;Parthivi;Parthivi;Parthivi;Parthivi;Parthivi;Parthivi;Parthivi;Parthivi;Parthivi;x
city_emperor_title_queen_mother_female_mon;Parthivamata;Parthivamata;Parthivamata;Parthivamata;Parthivamata;Parthivamata;Parthivamata;Parthivamata;Parthivamata;Parthivamata;Parthivamata;Parthivamata;Parthivamata;x
city_empire_of_mon;Desha of;Desha of;Desha of;Desha of;Desha of;Desha of;Desha of;Desha of;Desha of;Desha of;Desha of;Desha of;Desha of;x
city_empire_mon;Desha;Desha;Desha;Desha;Desha;Desha;Desha;Desha;Desha;Desha;Desha;Desha;Desha;x
king_mon;Maharaja;Maharaja;Maharaja;Maharaja;Maharaja;Maharaja;Maharaja;Maharaja;Maharaja;Maharaja;Maharaja;Maharaja;Maharaja;x
king_female_mon;Maharani;Maharani;Maharani;Maharani;Maharani;Maharani;Maharani;Maharani;Maharani;Maharani;Maharani;Maharani;Maharani;x
title_ruler_consort_mon;Maharaja;Maharaja;Maharaja;Maharaja;Maharaja;Maharaja;Maharaja;Maharaja;Maharaja;Maharaja;Maharaja;Maharaja;Maharaja;x
title_ruler_consort_female_mon;Maharani;Maharani;Maharani;Maharani;Maharani;Maharani;Maharani;Maharani;Maharani;Maharani;Maharani;Maharani;Maharani;x
title_queen_mother_mon;Maharajamata;Maharajamata;Maharajamata;Maharajamata;Maharajamata;Maharajamata;Maharajamata;Maharajamata;Maharajamata;Maharajamata;Maharajamata;Maharajamata;Maharajamata;x
kingdom_of_mon;Rashtra of;Rashtra of;Rashtra of;Rashtra of;Rashtra of;Rashtra of;Rashtra of;Rashtra of;Rashtra of;Rashtra of;Rashtra of;Rashtra of;Rashtra of;x
kingdom_mon;Rashtra;Rashtra;Rashtra;Rashtra;Rashtra;Rashtra;Rashtra;Rashtra;Rashtra;Rashtra;Rashtra;Rashtra;Rashtra;x
city_king_mon;Uparika;Uparika;Uparika;Uparika;Uparika;Uparika;Uparika;Uparika;Uparika;Uparika;Uparika;Uparika;Uparika;x
city_king_female_mon;Uparikini;Uparikini;Uparikini;Uparikini;Uparikini;Uparikini;Uparikini;Uparikini;Uparikini;Uparikini;Uparikini;Uparikini;Uparikini;x
city_title_ruler_consort_mon;Uparika;Uparika;Uparika;Uparika;Uparika;Uparika;Uparika;Uparika;Uparika;Uparika;Uparika;Uparika;Uparika;x
city_title_ruler_consort_female_mon;Uparikini;Uparikini;Uparikini;Uparikini;Uparikini;Uparikini;Uparikini;Uparikini;Uparikini;Uparikini;Uparikini;Uparikini;Uparikini;x
city_title_queen_mother_mon;Uparikamata;Uparikamata;Uparikamata;Uparikamata;Uparikamata;Uparikamata;Uparikamata;Uparikamata;Uparikamata;Uparikamata;Uparikamata;Uparikamata;Uparikamata;x
city_kingdom_of_mon;Bhukti of;Bhukti of;Bhukti of;Bhukti of;Bhukti of;Bhukti of;Bhukti of;Bhukti of;Bhukti of;Bhukti of;Bhukti of;Bhukti of;Bhukti of;x
city_kingdom_mon;Bhukti;Bhukti;Bhukti;Bhukti;Bhukti;Bhukti;Bhukti;Bhukti;Bhukti;Bhukti;Bhukti;Bhukti;Bhukti;x
duke_mon;Raja;Raja;Raja;Raja;Raja;Raja;Raja;Raja;Raja;Raja;Raja;Raja;Raja;x
duke_female_mon;Rani;Rani;Rani;Rani;Rani;Rani;Rani;Rani;Rani;Rani;Rani;Rani;Rani;x
duke_title_ruler_consort_mon;Raja;Raja;Raja;Raja;Raja;Raja;Raja;Raja;Raja;Raja;Raja;Raja;Raja;x
duke_title_ruler_consort_female_mon;Rani;Rani;Rani;Rani;Rani;Rani;Rani;Rani;Rani;Rani;Rani;Rani;Rani;x
duchy_of_mon;Kshetra of;Kshetra of;Kshetra of;Kshetra of;Kshetra of;Kshetra of;Kshetra of;Kshetra of;Kshetra of;Kshetra of;Kshetra of;Kshetra of;Kshetra of;x
duchy_mon;Kshetra;Kshetra;Kshetra;Kshetra;Kshetra;Kshetra;Kshetra;Kshetra;Kshetra;Kshetra;Kshetra;Kshetra;Kshetra;x
city_duke_mon;Vishayapati;Vishayapati;Vishayapati;Vishayapati;Vishayapati;Vishayapati;Vishayapati;Vishayapati;Vishayapati;Vishayapati;Vishayapati;Vishayapati;Vishayapati;x
city_duke_female_mon;Vishayapatni;Vishayapatni;Vishayapatni;Vishayapatni;Vishayapatni;Vishayapatni;Vishayapatni;Vishayapatni;Vishayapatni;Vishayapatni;Vishayapatni;Vishayapatni;Vishayapatni;x
city_duke_title_ruler_consort_mon;Vishayapati;Vishayapati;Vishayapati;Vishayapati;Vishayapati;Vishayapati;Vishayapati;Vishayapati;Vishayapati;Vishayapati;Vishayapati;Vishayapati;Vishayapati;x
city_duke_title_ruler_consort_female_mon;Vishayapatni;Vishayapatni;Vishayapatni;Vishayapatni;Vishayapatni;Vishayapatni;Vishayapatni;Vishayapatni;Vishayapatni;Vishayapatni;Vishayapatni;Vishayapatni;Vishayapatni;x
city_duchy_of_mon;Vishaya of;Vishaya of;Vishaya of;Vishaya of;Vishaya of;Vishaya of;Vishaya of;Vishaya of;Vishaya of;Vishaya of;Vishaya of;Vishaya of;Vishaya of;x
city_duchy_mon;Vishaya;Vishaya;Vishaya;Vishaya;Vishaya;Vishaya;Vishaya;Vishaya;Vishaya;Vishaya;Vishaya;Vishaya;Vishaya;x
count_mon;Thakur;Thakur;Thakur;Thakur;Thakur;Thakur;Thakur;Thakur;Thakur;Thakur;Thakur;Thakur;Thakur;x
count_female_mon;Thakurani;Thakurani;Thakurani;Thakurani;Thakurani;Thakurani;Thakurani;Thakurani;Thakurani;Thakurani;Thakurani;Thakurani;Thakurani;x
count_title_ruler_consort_mon;Thakur;Thakur;Thakur;Thakur;Thakur;Thakur;Thakur;Thakur;Thakur;Thakur;Thakur;Thakur;Thakur;x
count_title_ruler_consort_female_mon;Thakurani;Thakurani;Thakurani;Thakurani;Thakurani;Thakurani;Thakurani;Thakurani;Thakurani;Thakurani;Thakurani;Thakurani;Thakurani;x
county_of_mon;Thikana of;Thikana of;Thikana of;Thikana of;Thikana of;Thikana of;Thikana of;Thikana of;Thikana of;Thikana of;Thikana of;Thikana of;Thikana of;x
county_mon;Thikana;Thikana;Thikana;Thikana;Thikana;Thikana;Thikana;Thikana;Thikana;Thikana;Thikana;Thikana;Thikana;x
city_count_mon;Ayuktaka;Ayuktaka;Ayuktaka;Ayuktaka;Ayuktaka;Ayuktaka;Ayuktaka;Ayuktaka;Ayuktaka;Ayuktaka;Ayuktaka;Ayuktaka;Ayuktaka;x
city_count_female_mon;Ayuktakini;Ayuktakini;Ayuktakini;Ayuktakini;Ayuktakini;Ayuktakini;Ayuktakini;Ayuktakini;Ayuktakini;Ayuktakini;Ayuktakini;Ayuktakini;Ayuktakini;x
city_count_title_ruler_consort_mon;Ayuktaka;Ayuktaka;Ayuktaka;Ayuktaka;Ayuktaka;Ayuktaka;Ayuktaka;Ayuktaka;Ayuktaka;Ayuktaka;Ayuktaka;Ayuktaka;Ayuktaka;x
city_count_title_ruler_consort_female_mon;Ayuktakini;Ayuktakini;Ayuktakini;Ayuktakini;Ayuktakini;Ayuktakini;Ayuktakini;Ayuktakini;Ayuktakini;Ayuktakini;Ayuktakini;Ayuktakini;Ayuktakini;x
city_county_of_mon;Vithi of;Vithi of;Vithi of;Vithi of;Vithi of;Vithi of;Vithi of;Vithi of;Vithi of;Vithi of;Vithi of;Vithi of;Vithi of;x
city_county_mon;Vithi;Vithi;Vithi;Vithi;Vithi;Vithi;Vithi;Vithi;Vithi;Vithi;Vithi;Vithi;Vithi;x
baron_mon;Nayaka;Nayaka;Nayaka;Nayaka;Nayaka;Nayaka;Nayaka;Nayaka;Nayaka;Nayaka;Nayaka;Nayaka;Nayaka;x
baron_female_mon;Nayakini;Nayakini;Nayakini;Nayakini;Nayakini;Nayakini;Nayakini;Nayakini;Nayakini;Nayakini;Nayakini;Nayakini;Nayakini;x
baron_title_ruler_consort_mon;Nayaka;Nayaka;Nayaka;Nayaka;Nayaka;Nayaka;Nayaka;Nayaka;Nayaka;Nayaka;Nayaka;Nayaka;Nayaka;x
baron_title_ruler_consort_female_mon;Nayakini;Nayakini;Nayakini;Nayakini;Nayakini;Nayakini;Nayakini;Nayakini;Nayakini;Nayakini;Nayakini;Nayakini;Nayakini;x
barony_of_mon;Pattaka of;Pattaka of;Pattaka of;Pattaka of;Pattaka of;Pattaka of;Pattaka of;Pattaka of;Pattaka of;Pattaka of;Pattaka of;Pattaka of;Pattaka of;x
barony_mon;Pattaka;Pattaka;Pattaka;Pattaka;Pattaka;Pattaka;Pattaka;Pattaka;Pattaka;Pattaka;Pattaka;Pattaka;Pattaka;x
city_baron_mon;Puramukhya;Puramukhya;Puramukhya;Puramukhya;Puramukhya;Puramukhya;Puramukhya;Puramukhya;Puramukhya;Puramukhya;Puramukhya;Puramukhya;Puramukhya;x
city_baron_female_mon;Puramukhyini;Puramukhyini;Puramukhyini;Puramukhyini;Puramukhyini;Puramukhyini;Puramukhyini;Puramukhyini;Puramukhyini;Puramukhyini;Puramukhyini;Puramukhyini;Puramukhyini;x
city_baron_title_ruler_consort_mon;Puramukhya;Puramukhya;Puramukhya;Puramukhya;Puramukhya;Puramukhya;Puramukhya;Puramukhya;Puramukhya;Puramukhya;Puramukhya;Puramukhya;Puramukhya;x
city_baron_title_ruler_consort_female_mon;Puramukhyini;Puramukhyini;Puramukhyini;Puramukhyini;Puramukhyini;Puramukhyini;Puramukhyini;Puramukhyini;Puramukhyini;Puramukhyini;Puramukhyini;Puramukhyini;Puramukhyini;x
city_barony_of_mon;Pura of;Pura of;Pura of;Pura of;Pura of;Pura of;Pura of;Pura of;Pura of;Pura of;Pura of;Pura of;Pura of;x
city_barony_mon;Pura;Pura;Pura;Pura;Pura;Pura;Pura;Pura;Pura;Pura;Pura;Pura;Pura;x
title_regent_mon;Rajasthaniya;Rajasthaniya;Rajasthaniya;Rajasthaniya;Rajasthaniya;Rajasthaniya;Rajasthaniya;Rajasthaniya;Rajasthaniya;Rajasthaniya;Rajasthaniya;Rajasthaniya;Rajasthaniya;x
title_prince_mon;Rajkumara;Rajkumara;Rajkumara;Rajkumara;Rajkumara;Rajkumara;Rajkumara;Rajkumara;Rajkumara;Rajkumara;Rajkumara;Rajkumara;Rajkumara;x
title_prince_female_mon;Rajkumari;Rajkumari;Rajkumari;Rajkumari;Rajkumari;Rajkumari;Rajkumari;Rajkumari;Rajkumari;Rajkumari;Rajkumari;Rajkumari;Rajkumari;x
job_chancellor_mon;Videshadhikari;Videshadhikari;Videshadhikari;Videshadhikari;Videshadhikari;Videshadhikari;Videshadhikari;Videshadhikari;Videshadhikari;Videshadhikari;Videshadhikari;Videshadhikari;Videshadhikari;x
job_marshal_mon;Senadhipati;Senadhipati;Senadhipati;Senadhipati;Senadhipati;Senadhipati;Senadhipati;Senadhipati;Senadhipati;Senadhipati;Senadhipati;Senadhipati;Senadhipati;x
job_treasurer_mon;Karanadhikari;Karanadhikari;Karanadhikari;Karanadhikari;Karanadhikari;Karanadhikari;Karanadhikari;Karanadhikari;Karanadhikari;Karanadhikari;Karanadhikari;Karanadhikari;Karanadhikari;x
job_spymaster_mon;Antaradhikari;Antaradhikari;Antaradhikari;Antaradhikari;Antaradhikari;Antaradhikari;Antaradhikari;Antaradhikari;Antaradhikari;Antaradhikari;Antaradhikari;Antaradhikari;Antaradhikari;x
job_spiritual_mon;Purohita;Purohita;Purohita;Purohita;Purohita;Purohita;Purohita;Purohita;Purohita;Purohita;Purohita;Purohita;Purohita;x
tai_kadai;Tai-Kadai;Tai-Kadai;Tai-Kadai;Tai-Kadai;Tai-Kadai;Tai-Kadai;Tai-Kadai;Tai-Kadai;Tai-Kadai;Tai-Kadai;Tai-Kadai;Tai-Kadai;Tai-Kadai;x
lao;Lao;Lao;Lao;Lao;Lao;Lao;Lao;Lao;Lao;Lao;Lao;Lao;Lao;x
mon;Mon;Mon;Mon;Mon;Mon;Mon;Mon;Mon;Mon;Mon;Mon;Mon;Mon;x
thai;Thai;Thai;Thai;Thai;Thai;Thai;Thai;Thai;Thai;Thai;Thai;Thai;Thai;x
shan;Shan;Shan;Shan;Shan;Shan;Shan;Shan;Shan;Shan;Shan;Shan;Shan;Shan;x
bamar;Bamar;Bamar;Bamar;Bamar;Bamar;Bamar;Bamar;Bamar;Bamar;Bamar;Bamar;Bamar;Bamar;x
kachin;Kachin;Kachin;Kachin;Kachin;Kachin;Kachin;Kachin;Kachin;Kachin;Kachin;Kachin;Kachin;Kachin;x
e_bagan;Bagan;Bagan;Bagan;Bagan;Bagan;Bagan;Bagan;Bagan;Bagan;Bagan;Bagan;Bagan;Bagan;x
e_bagan_adj;Bagan;Bagan;Bagan;Bagan;Bagan;Bagan;Bagan;Bagan;Bagan;Bagan;Bagan;Bagan;Bagan;x
e_bai_tai;Bai-Tai;Bai-Tai;Bai-Tai;Bai-Tai;Bai-Tai;Bai-Tai;Bai-Tai;Bai-Tai;Bai-Tai;Bai-Tai;Bai-Tai;Bai-Tai;Bai-Tai;x
e_bai_tai_adj;Bai-Tai;Bai-Tai;Bai-Tai;Bai-Tai;Bai-Tai;Bai-Tai;Bai-Tai;Bai-Tai;Bai-Tai;Bai-Tai;Bai-Tai;Bai-Tai;Bai-Tai;x
e_nam_quoc;Nam Quoc;Nam Quoc;Nam Quoc;Nam Quoc;Nam Quoc;Nam Quoc;Nam Quoc;Nam Quoc;Nam Quoc;Nam Quoc;Nam Quoc;Nam Quoc;Nam Quoc;x
e_nam_quoc_adj;Nam Quoc;Nam Quoc;Nam Quoc;Nam Quoc;Nam Quoc;Nam Quoc;Nam Quoc;Nam Quoc;Nam Quoc;Nam Quoc;Nam Quoc;Nam Quoc;Nam Quoc;x
andamanese;Andamanese;Andamanese;Andamanese;Andamanese;Andamanese;Andamanese;Andamanese;Andamanese;Andamanese;Andamanese;Andamanese;Andamanese;Andamanese;x
andaman;Andaman;Andaman;Andaman;Andaman;Andaman;Andaman;Andaman;Andaman;Andaman;Andaman;Andaman;Andaman;Andaman;x
k_chiang_hung;Chiang Hung;Chiang Hung;Chiang Hung;Chiang Hung;Chiang Hung;Chiang Hung;Chiang Hung;Chiang Hung;Chiang Hung;Chiang Hung;Chiang Hung;Chiang Hung;Chiang Hung;x
k_chiang_hung_adj;Chiang Hung;Chiang Hung;Chiang Hung;Chiang Hung;Chiang Hung;Chiang Hung;Chiang Hung;Chiang Hung;Chiang Hung;Chiang Hung;Chiang Hung;Chiang Hung;Chiang Hung;x
k_sukhothai;Sukhothai;Sukhothai;Sukhothai;Sukhothai;Sukhothai;Sukhothai;Sukhothai;Sukhothai;Sukhothai;Sukhothai;Sukhothai;Sukhothai;Sukhothai;x
k_sukhothai_adj;Sukhothai;Sukhothai;Sukhothai;Sukhothai;Sukhothai;Sukhothai;Sukhothai;Sukhothai;Sukhothai;Sukhothai;Sukhothai;Sukhothai;Sukhothai;x
d_phayao;Phayao;Phayao;Phayao;Phayao;Phayao;Phayao;Phayao;Phayao;Phayao;Phayao;Phayao;Phayao;Phayao;x
d_phayao_adj;Phayao;Phayao;Phayao;Phayao;Phayao;Phayao;Phayao;Phayao;Phayao;Phayao;Phayao;Phayao;Phayao;x
d_supannabhum;Supannabhum;Supannabhum;Supannabhum;Supannabhum;Supannabhum;Supannabhum;Supannabhum;Supannabhum;Supannabhum;Supannabhum;Supannabhum;Supannabhum;Supannabhum;x
d_supannabhum_adj;Supannabhum;Supannabhum;Supannabhum;Supannabhum;Supannabhum;Supannabhum;Supannabhum;Supannabhum;Supannabhum;Supannabhum;Supannabhum;Supannabhum;Supannabhum;x
k_lanna;Lanna;Lanna;Lanna;Lanna;Lanna;Lanna;Lanna;Lanna;Lanna;Lanna;Lanna;Lanna;Lanna;x
k_lanna_adj;Lanna;Lanna;Lanna;Lanna;Lanna;Lanna;Lanna;Lanna;Lanna;Lanna;Lanna;Lanna;Lanna;x
d_ngoenyang;Ngoenyang;Ngoenyang;Ngoenyang;Ngoenyang;Ngoenyang;Ngoenyang;Ngoenyang;Ngoenyang;Ngoenyang;Ngoenyang;Ngoenyang;Ngoenyang;Ngoenyang;x
d_ngoenyang_adj;Ngoenyang;Ngoenyang;Ngoenyang;Ngoenyang;Ngoenyang;Ngoenyang;Ngoenyang;Ngoenyang;Ngoenyang;Ngoenyang;Ngoenyang;Ngoenyang;Ngoenyang;x
d_binnaka;Binnaka;Binnaka;Binnaka;Binnaka;Binnaka;Binnaka;Binnaka;Binnaka;Binnaka;Binnaka;Binnaka;Binnaka;Binnaka;x
d_binnaka_adj;Binnaka;Binnaka;Binnaka;Binnaka;Binnaka;Binnaka;Binnaka;Binnaka;Binnaka;Binnaka;Binnaka;Binnaka;Binnaka;x
d_halin;Halin;Halin;Halin;Halin;Halin;Halin;Halin;Halin;Halin;Halin;Halin;Halin;Halin;x
d_halin_adj;Halin;Halin;Halin;Halin;Halin;Halin;Halin;Halin;Halin;Halin;Halin;Halin;Halin;x
d_tagaung;Tagaung;Tagaung;Tagaung;Tagaung;Tagaung;Tagaung;Tagaung;Tagaung;Tagaung;Tagaung;Tagaung;Tagaung;Tagaung;x
d_tagaung_adj;Tagaung;Tagaung;Tagaung;Tagaung;Tagaung;Tagaung;Tagaung;Tagaung;Tagaung;Tagaung;Tagaung;Tagaung;Tagaung;x
d_maingmaw;Maingmaw;Maingmaw;Maingmaw;Maingmaw;Maingmaw;Maingmaw;Maingmaw;Maingmaw;Maingmaw;Maingmaw;Maingmaw;Maingmaw;Maingmaw;x
d_maingmaw_adj;Maingmaw;Maingmaw;Maingmaw;Maingmaw;Maingmaw;Maingmaw;Maingmaw;Maingmaw;Maingmaw;Maingmaw;Maingmaw;Maingmaw;Maingmaw;x
d_beikthano;Beikthano;Beikthano;Beikthano;Beikthano;Beikthano;Beikthano;Beikthano;Beikthano;Beikthano;Beikthano;Beikthano;Beikthano;Beikthano;x
d_beikthano_adj;Beikthano;Beikthano;Beikthano;Beikthano;Beikthano;Beikthano;Beikthano;Beikthano;Beikthano;Beikthano;Beikthano;Beikthano;Beikthano;x
d_sri_ksetra;Sri Ksetra;Sri Ksetra;Sri Ksetra;Sri Ksetra;Sri Ksetra;Sri Ksetra;Sri Ksetra;Sri Ksetra;Sri Ksetra;Sri Ksetra;Sri Ksetra;Sri Ksetra;Sri Ksetra;x
d_sri_ksetra_adj;Sri Ksetra;Sri Ksetra;Sri Ksetra;Sri Ksetra;Sri Ksetra;Sri Ksetra;Sri Ksetra;Sri Ksetra;Sri Ksetra;Sri Ksetra;Sri Ksetra;Sri Ksetra;Sri Ksetra;x
d_dagon;Dagon;Dagon;Dagon;Dagon;Dagon;Dagon;Dagon;Dagon;Dagon;Dagon;Dagon;Dagon;Dagon;x
d_dagon_adj;Dagon;Dagon;Dagon;Dagon;Dagon;Dagon;Dagon;Dagon;Dagon;Dagon;Dagon;Dagon;Dagon;x
